{"cameraMode":{"drawMode":2,"name":"Shaded Wireframe","section":"Shading Mode"},"sceneLighting":true,"audioPlay":false,"sceneViewState":{"showFog":true,"showMaterialUpdate":true,"showSkybox":true,"showFlares":true,"showImageEffects":true,"showParticleSystems":true},"in2DMode":false,"pivot":{"x":-2.6450576782226564,"y":0.10746347904205322,"z":1.3523509502410889},"rotation":{"x":-0.06928468495607376,"y":0.7629426717758179,"z":-0.08296364545822144,"w":-0.6374054551124573},"size":7.048848628997803,"orthographic":false}