{"cameraMode":{"drawMode":0,"name":"Shaded","section":"Shading Mode"},"sceneLighting":true,"audioPlay":false,"sceneViewState":{"showFog":true,"showMaterialUpdate":true,"showSkybox":true,"showFlares":true,"showImageEffects":true,"showParticleSystems":true},"in2DMode":false,"pivot":{"x":12.817753791809082,"y":-0.5051389336585999,"z":1.7821848392486573},"rotation":{"x":-0.13423694670200349,"y":-0.5310096740722656,"z":0.08562767505645752,"w":-0.8323039412498474},"size":7.048848628997803,"orthographic":false}