{"cameraMode":{"drawMode":0,"name":"Shaded","section":"Shading Mode"},"sceneLighting":true,"audioPlay":false,"sceneViewState":{"showFog":true,"showMaterialUpdate":true,"showSkybox":true,"showFlares":true,"showImageEffects":true,"showParticleSystems":true},"in2DMode":false,"pivot":{"x":-17.482925415039064,"y":-3.8679568767547609,"z":4.642945289611816},"rotation":{"x":0.11681537330150604,"y":-0.626044750213623,"z":0.0955771654844284,"w":0.7650666832923889},"size":19.798969268798829,"orthographic":false}