{"cameraMode":{"drawMode":0,"name":"Shaded","section":"Shading Mode"},"sceneLighting":true,"audioPlay":false,"sceneViewState":{"showFog":true,"showMaterialUpdate":true,"showSkybox":true,"showFlares":true,"showImageEffects":true,"showParticleSystems":true},"in2DMode":false,"pivot":{"x":-3.374537944793701,"y":1.0120967626571656,"z":1.1005034446716309},"rotation":{"x":0.02898225001990795,"y":-0.9600442051887512,"z":0.10846889764070511,"w":0.25642335414886477},"size":2.4752397537231447,"orthographic":false}